{
  "Author": "zfox",
  "Name": "SmartModSwitch",
  "InternalName": "SmartModSwitch",
  "AssemblyVersion": "1.0.0.0",
  "Description": "Adds overlay buttons to  switch active Penumbra mods and execute the connected emote. \nYou can now wasily have multiple mods overwriting the same emote and use all emotes easily. \nThis mod obviously needs Penumbra to work. ",
  "ApplicableVersion": "any",
  "RepoUrl": "https://example.com/",
  "Tags": [
    "UI",
    "utility",
    "emote"
  ],
  "DalamudApiLevel": 9,
  "LoadRequiredState": 0,
  "LoadSync": false,
  "CanUnloadAsync": false,
  "LoadPriority": 0,
  "Punchline": "Automatically switch active Penumbra mods when using emotes.",
  "AcceptsFeedback": true
}